Keyboard,Deodorant,HeadPhones
Pants,Ipad,Printer,Calculator,Doll
Jar,T-Shirt,Perfume,Statue,Covid Masks
Laptop,Underwear
Underwear,Towel
HeadPhones,C-Hub,Bucket,Deodorant,Notebook
Deodorant,Toilet Paper,Doll,Shampoo,Electric Scooter
Shampoo
Pens
Watch,Mouse,Ball
EarBuds,Table
Letherman
Chair,C-Hub,Deodorant,Vase
Fan,Watch,Pens
T-Shirt,Towel,Pants
Watch,Electric Scooter,Wallet
Bag,Statue
Electric Drill,Pens
Surff Board,Bracelet
Tooth Brush,Laptop
EarBuds,Keyboard,Pens
Electric Drill,Towel,Underwear,Remote Control
Ball,Sneakers
Bag,Speaker,Electric Drill
Table,Matress,Jar,Vase
Vase,Charger,Fan,Calculator,Perfume
Cup,Printer,Sunglasses,Chair
Pens,Deodorant,Cup,Perfume,Towel
Fan,Bottle,Electric Drill
Perfume
Watch
Doll,Letherman,Electric Drill,HeadPhones,Pants
Table,Letherman,Bracelet,Jar
Towel,Electric Scooter
Remote Control,Tooth Brush,Ipad,Bracelet
Remote Control,Ball
Speaker,Usb Cable,C-Hub,Calculator,Deodorant
Chair,Ipad,Table
EarBuds,Usb Cable,Cup,Flag,Table
Bracelet,Chair,Shampoo,Ball
Flag,Covid Masks,Screen
Deodorant,Razor,Mouse,Vase
Sunglasses,Usb Cable,Electric Scooter,Wallet
Pants,Electric Scooter,Toilet Paper,Mouse
Sunglasses,Usb Cable,Sneakers,Covid Masks
Pens,Cup,Bracelet,Doll,Ball
Letherman,Chair,Covid Masks,C-Hub,Ball
Perfume,Ball,Tooth Brush
Remote Control,Bracelet,Speaker,T-Shirt
Remote Control,Table,Toilet Paper
Shampoo,Electric Scooter,HeadPhones
C-Hub,Cup,Underwear
Perfume
Usb Cable,Screen
Fan,Laptop,Jar,Tooth Brush,Towel
Pants
Razor,Shampoo
Deodorant,Wallet,Jar,Electric Scooter,Flag
Bag,Covid Masks
Letherman,T-Shirt,Shampoo,Sneakers,C-Hub
Charger,Underwear
Fan,Wallet,Doll,Surff Board
Bucket,HeadPhones,Perfume,Pens
Chair,Doll,Bucket,Wallet
Underwear,Mouse,Sneakers,Laptop,Tooth Brush
T-Shirt,Electric Scooter
Remote Control
Pens
Sneakers,Bag
Underwear,Flag,Vase
Letherman,Printer,Chair,T-Shirt
Knife,Tooth Brush
T-Shirt,Towel,Laptop,Perfume,Calculator
Remote Control
Covid Masks,Perfume,Ipad
Knife,Charger,Surff Board,Watch
Sunglasses,C-Hub,Remote Control,Bracelet
Remote Control,Statue,Perfume,Electric Drill
Flag
Ball,Matress,Bucket
Covid Masks,Toilet Paper,Razor
Towel
Bracelet,C-Hub,Calculator,Deodorant,Bag
T-Shirt,Ball,Sneakers,Chair
Tooth Brush
Deodorant,C-Hub
Flag,Jar,Knife,HeadPhones,Razor
Knife
Tooth Brush,Remote Control
Speaker,Surff Board,Electric Drill
Mouse,Keyboard,Laptop,T-Shirt,Underwear
Flag,Keyboard,Usb Cable,Statue
Jar,Ball,Statue,Underwear,Mouse
Electric Drill
Statue,Notebook,Printer,Tooth Brush,Chair
Deodorant
HDMI Cable
Doll,Shampoo,Perfume,Letherman,C-Hub
Ball,Electric Drill,Flag,C-Hub
Charger,Watch,Razor,Tooth Brush,Notebook
Watch,Printer,Perfume,Bottle
Knife,Speaker,Shampoo,Pens
Laptop,Bucket
Electric Scooter,Bucket,Usb Cable
Laptop,C-Hub,Surff Board
Pens,Bag,Flag,Bottle,Vase
Bucket
Electric Scooter,Electric Drill,Pens
Toilet Paper,Matress,T-Shirt
Fan,Cup,Notebook
Laptop
Toilet Paper,Fan,Jar,Doll
Sunglasses
Keyboard,Remote Control
Charger,Deodorant
Statue,Bag
Surff Board,Shampoo,Underwear,Keyboard
Table,Surff Board
Printer,Usb Cable
Pens,Vase,Tooth Brush,Cup
Bracelet,Laptop,Mouse,Charger
HeadPhones,Cup
Flag,Statue,Remote Control
Surff Board,Sneakers,Toilet Paper
HeadPhones,Calculator,HDMI Cable,Fan,Ball
Letherman,Laptop
Vase,Mouse,Electric Drill
Watch,Pens,Keyboard
HeadPhones,Flag,Shampoo
Notebook,Vase
Electric Scooter,Cup,Ipad,Speaker
Table,Letherman,Pants,Vase,Screen
Sneakers,Charger,Cup,Bottle,C-Hub
Ipad,T-Shirt,Deodorant,Covid Masks,Table
Jar,Letherman,Remote Control
EarBuds,Pants,Screen,Covid Masks,Cup
Watch,Letherman,Underwear,Notebook
Doll,Notebook,Sneakers
Table,Surff Board,Calculator,Keyboard,Pants
Table,Cup
C-Hub,Matress,Covid Masks,Speaker
Chair,Ipad,Bottle,Statue,Letherman
Covid Masks,C-Hub,Statue,Deodorant,Wallet
C-Hub
Printer,Towel,Letherman,Sunglasses
Bracelet,Chair,Usb Cable,Knife
Towel,Wallet
Speaker,Covid Masks,Calculator,T-Shirt
Wallet,Bag
Bottle
Wallet,Usb Cable,Table,Razor
C-Hub,HDMI Cable,Electric Scooter,Ball,Tooth Brush
Charger,Shampoo,Deodorant,Screen
Wallet
Shampoo,Speaker
T-Shirt,Razor
Bottle,Electric Drill,Cup,Bag
Statue,Keyboard,Deodorant,Printer,Remote Control
Bracelet,EarBuds,Fan
Toilet Paper,EarBuds
Deodorant,Doll,Table
Mouse,Charger,Table,Shampoo
Watch,Cup,Screen
Notebook,Usb Cable
Surff Board
Watch,HeadPhones,Underwear,Statue,Notebook
Underwear,HDMI Cable,HeadPhones
Watch,Cup,Vase,Charger
Chair,Sneakers,HeadPhones
Mouse
Razor,Notebook,Letherman,Perfume
Perfume,Covid Masks
Mouse,Flag,Notebook
Watch
Flag,Calculator,Towel
Usb Cable,Deodorant,Sunglasses,Bag,Chair
Matress,Bucket,Charger,Printer
HDMI Cable,Pants
Chair,Covid Masks,HeadPhones,Speaker,Sunglasses
HDMI Cable,Printer,Mouse,Cup
Flag,Bucket,Towel,Keyboard,Pens
T-Shirt,Sunglasses,Bottle,Watch,Screen
Laptop
EarBuds,Wallet,HeadPhones,Watch,Speaker
EarBuds,Calculator,Letherman,Jar
Speaker,Flag,Electric Drill,Surff Board
Calculator,Pants,Wallet
Electric Drill,Laptop,Fan
Doll,Printer,Surff Board,Pants
Usb Cable
Electric Drill,Bag,HeadPhones,Printer,Shampoo
HeadPhones,Underwear,Shampoo
Laptop,Usb Cable
Bottle,T-Shirt,Deodorant,Table
Doll
Bracelet,Cup,Electric Drill,Bottle,Towel
Fan,Printer,Ball,HDMI Cable,Table
T-Shirt
Mouse
Mouse
Jar,Ball
Chair,Surff Board,Bracelet,Electric Drill,Tooth Brush
Chair,Mouse
Laptop,Remote Control,Bucket,Matress
Deodorant,Perfume,Towel,Toilet Paper
Speaker,Table
Remote Control,HeadPhones,HDMI Cable,Toilet Paper,Watch
Sunglasses
Letherman,Pens
Vase,Notebook,Mouse,Deodorant,Electric Scooter
HDMI Cable,Towel,Razor,Ball,Surff Board
T-Shirt,Mouse,Usb Cable,Bucket
Pens
Mouse
Mouse,Speaker
Flag
Cup,HDMI Cable
Mouse,Pants,Matress,Cup,Sneakers
Ipad
Razor
Bucket
Pants
Knife,Laptop,Underwear
Razor
Table,Toilet Paper,Surff Board
Letherman,Towel
Statue,Underwear
C-Hub,Charger,Perfume,HDMI Cable,Razor
Doll,Sneakers,HeadPhones
Shampoo,Electric Drill,Wallet
Speaker,HDMI Cable,C-Hub,Razor
Electric Scooter,Letherman
Matress
Pants
Keyboard,Surff Board,Tooth Brush
Laptop
Chair,Bucket,HeadPhones
Wallet,Ipad,Sunglasses,Shampoo,Ball
Calculator
Underwear,Electric Scooter,HeadPhones,EarBuds,Covid Masks
Deodorant,EarBuds,Mouse
Letherman,Toilet Paper,Calculator,Perfume
Sunglasses
Tooth Brush,Keyboard
Bag,Underwear,Jar,Screen
Laptop,Sneakers,Underwear,Bag
Printer,Usb Cable,Statue,Perfume,EarBuds
Pants,Fan,Screen
Shampoo,Pants,Electric Drill,Flag,Sneakers
Electric Scooter,Jar,Bottle,Pants
Doll
Remote Control,Charger,Cup,Bracelet,Screen
Cup
Razor,Surff Board,Bracelet
Electric Scooter,Electric Drill,Statue,Perfume,Letherman
Bucket,HDMI Cable
Notebook,Shampoo,Matress,Ball,Electric Drill
Cup
Towel,HDMI Cable,EarBuds,Flag,Underwear
C-Hub
Knife,HDMI Cable,Bag,Mouse
Vase,Laptop,Table,Calculator,Jar
Wallet,Printer,Knife,Pens,Sunglasses
Cup,HDMI Cable,Statue,Covid Masks,Usb Cable
Keyboard,Covid Masks,Matress,Usb Cable
Deodorant,HDMI Cable
EarBuds
Shampoo
Speaker,Letherman,Watch,Chair
Toilet Paper,T-Shirt
HDMI Cable,Fan,HeadPhones,Shampoo
Electric Scooter,Ipad
Flag
Remote Control
Bucket,Keyboard,Letherman
Watch
Tooth Brush,C-Hub,Usb Cable,Vase,Bottle
Statue,Perfume,T-Shirt
Bottle,Pants
Cup,Printer,Bag
Sneakers,Charger,Screen,Vase
HeadPhones,Wallet,Calculator
Covid Masks,Sneakers,Printer,Statue,Shampoo
Cup
Surff Board,Flag,Laptop,Charger
Laptop,Doll,Pants,Bracelet,Chair
Sneakers
Underwear,Doll
Keyboard
Sneakers,Bracelet,Doll,Shampoo
Jar,Tooth Brush,Notebook
Usb Cable,T-Shirt,Shampoo,Pants,Chair
Remote Control,Charger,Tooth Brush
Fan,Remote Control,Perfume
Towel
Toilet Paper
Ball
Flag,Electric Drill,Calculator,Wallet
EarBuds,Speaker,Bag
Towel,Laptop
Underwear,Razor
Cup,Usb Cable,C-Hub
Screen,Surff Board
HeadPhones
Statue,T-Shirt,Wallet
Watch,Covid Masks
Knife,Underwear,Jar,Chair,Notebook
Calculator,Screen,Surff Board,Laptop,Usb Cable
Electric Drill,Calculator,Cup,Charger
Electric Drill,HDMI Cable,Fan
Table,EarBuds,C-Hub,Matress
Remote Control,Perfume,Letherman,Cup,Watch
Underwear,Fan,Pens,Razor
Printer,Calculator,Surff Board,Watch
Bucket,Underwear,Laptop,Pants,Bottle
Printer,Remote Control,Bag
Sneakers,Watch,Pens
Toilet Paper,Perfume,Jar
Toilet Paper,Bottle
Chair,Electric Drill,Ipad,Calculator,T-Shirt
Charger,Keyboard,HeadPhones
Statue,Cup,Perfume,Keyboard,Ball
Usb Cable
Laptop
Bottle
Electric Drill,Statue
Covid Masks,Matress,Ball,Bag
Mouse,Underwear,Chair,Sunglasses,Tooth Brush
Wallet,Laptop,T-Shirt,Cup
Remote Control
Printer,Remote Control,Deodorant,Shampoo
Pens,Toilet Paper,Flag
Bottle
T-Shirt
Screen
Toilet Paper
Sunglasses
Bucket
Perfume,Watch,C-Hub,Electric Drill,Laptop
Bottle,Letherman,Pants,Electric Scooter
Electric Scooter,Bag,Usb Cable,Bracelet,Razor
Fan,C-Hub,Remote Control
Keyboard
Electric Drill,Pens,Matress,Sneakers,Usb Cable
Mouse,Statue,Notebook
Mouse,Vase
Toilet Paper,Razor
T-Shirt,Bucket,Matress
Calculator,Jar,Matress,Ball
Remote Control,Sunglasses,Usb Cable,EarBuds
Table,C-Hub,Cup,Surff Board,Mouse
Knife,EarBuds
Charger,Bracelet
Keyboard,Charger,Usb Cable,Pens
Mouse,Towel
Surff Board,Jar,Remote Control,Speaker,Covid Masks
Remote Control,Vase,Flag
Toilet Paper,Covid Masks,Letherman,C-Hub,Sunglasses
Sunglasses
Charger,Shampoo,Perfume,Cup
Speaker,Bucket,Remote Control,Doll,Jar
Usb Cable,T-Shirt,Screen
Underwear,Usb Cable,Vase,Electric Scooter,Ball
Doll,Bottle,Razor,Towel,EarBuds
Sneakers
Keyboard,Electric Scooter,Bag
Remote Control
Calculator,Fan
Toilet Paper,Pants,Statue,Flag,Pens
HeadPhones,Shampoo
Statue,HDMI Cable
Electric Drill
EarBuds,Chair
Charger,Covid Masks,Notebook
Knife,Electric Drill,Ball,Mouse,Jar
Deodorant
Cup,Statue,Fan
Underwear,Cup,Flag,Knife
Ball
Mouse,Calculator,Razor
Chair
Mouse,Pants,Calculator,Remote Control,Electric Drill
EarBuds,Flag,Wallet
T-Shirt
Jar,Table,Ipad,Mouse
Keyboard,Letherman,Covid Masks,Underwear,Notebook
Fan,Bottle
Usb Cable,Bracelet
Toilet Paper,Knife
Bottle,Tooth Brush,Pants,Watch,Statue
Perfume
Electric Scooter,Remote Control,Wallet,Matress,Notebook
Electric Drill,Cup
Matress,Keyboard,Shampoo
Surff Board,Keyboard,Pants,Matress
Ipad,Calculator,Ball
Notebook,Surff Board
Razor
Watch,Tooth Brush
Flag,Knife,Tooth Brush
Flag,Knife,Wallet,Fan
Ball,Mouse,Bottle,Covid Masks,Electric Scooter
Usb Cable,Charger,Keyboard,Jar,Remote Control
Printer
Table,Letherman,Fan,Pens,Screen
Surff Board,Knife,Electric Scooter
Chair
Tooth Brush,Screen,Usb Cable
Bracelet
EarBuds,Deodorant,Usb Cable,Mouse
EarBuds,HDMI Cable,Watch,HeadPhones
Electric Scooter,EarBuds,Wallet,Speaker,Calculator
Usb Cable,Underwear,Surff Board
Flag,Wallet,Watch,T-Shirt,Ball
Pants,Chair,Pens
Electric Scooter
Statue,Remote Control,HDMI Cable,Mouse,Sneakers
Jar,Ball,Cup,Pants
Underwear,Letherman,Pants,Fan
Bracelet,Bottle
Fan,Knife,Letherman,Laptop
Table,Bracelet,Surff Board
Fan,Underwear,Toilet Paper,Flag
Screen,Pants,Pens
Deodorant,Surff Board,Screen,Letherman
Statue,Pants,Electric Drill
Speaker,Screen,Ipad,Usb Cable
Deodorant,Sunglasses,Razor,Matress
Towel,Printer
Ipad
Chair,Remote Control,C-Hub,Razor
Watch
Shampoo,Calculator
Pants,Charger
Calculator,Knife
Fan,Notebook,Table,Printer,Deodorant
Sneakers,Towel,Vase,Wallet
Table,Bottle
Notebook,Toilet Paper,Cup,Charger,Flag
Matress,Speaker
Perfume,Razor
Keyboard,Wallet,Statue
Jar,Fan,Flag
Deodorant,Notebook,Electric Drill,Speaker,Cup
HeadPhones,Chair
Table,Watch,HDMI Cable,C-Hub
Vase,Electric Drill,Notebook,Table
Bracelet
Deodorant,Toilet Paper
Sneakers,Bracelet,Perfume,Chair,Razor
Bracelet,Fan,EarBuds,HDMI Cable
Bucket,Matress
Chair,T-Shirt,Electric Scooter
Perfume,T-Shirt,Sneakers,Bag
Matress,Underwear,Watch,Pants,Charger
Razor,Statue,HeadPhones,Perfume,Underwear
Electric Scooter
Watch,Table,Towel,HDMI Cable
Letherman
Flag,Electric Scooter,Remote Control,Surff Board,Table
Ipad,Table
Cup,Laptop
Shampoo,Toilet Paper,Jar,EarBuds
Fan,Letherman,Vase
Laptop,Electric Drill
Bucket
Perfume,Calculator,Matress,Laptop,Vase
Covid Masks,Knife,C-Hub,Letherman,Calculator
Usb Cable,Shampoo,Knife,Printer
Ipad,Notebook,Chair,T-Shirt,Letherman
Deodorant,Surff Board,Charger,Bag,Screen
Sneakers
Bucket,Ipad
Underwear,Sunglasses,Ipad,Notebook,Watch
Matress
Electric Drill
Bottle,Charger,Mouse
Tooth Brush,Electric Scooter,Remote Control,Perfume,Statue
Tooth Brush,Vase,T-Shirt,Jar
Electric Scooter
HDMI Cable,Tooth Brush,Knife,Letherman
Calculator,Pants,Jar,Pens,Wallet
Sunglasses,HeadPhones
Wallet
Calculator,Notebook,Pants
Statue,HeadPhones,Flag,Underwear,Razor
Statue,Keyboard,Chair,HDMI Cable
HDMI Cable,Remote Control,Razor
Wallet,Flag,Screen,Vase
Pens,Calculator,Statue
Matress,HeadPhones,Flag,Remote Control
Deodorant,Pants,C-Hub,Pens,Sneakers
Vase,HDMI Cable,Knife,Pants
Pants,Razor,Notebook,Cup
Perfume
Calculator
Deodorant
Towel,Table,Cup,Speaker
Covid Masks,Remote Control,Bracelet,Mouse
EarBuds,Surff Board,Laptop,Mouse,Flag
Table,Charger,Shampoo,Watch
Covid Masks,C-Hub,Ipad
EarBuds
Doll,Mouse
Tooth Brush,Doll
Table
Cup,Flag,Razor,Letherman
HDMI Cable,EarBuds,Matress,Towel
Speaker
Matress,Bottle,Wallet
Table,Razor,Matress,Calculator
Surff Board,Chair,T-Shirt,Towel,Mouse
Covid Masks,Tooth Brush,Deodorant
Statue,Keyboard,Wallet
Matress,Keyboard,Pants
Table
Covid Masks,Remote Control,Cup,Statue,Bucket
Tooth Brush,Deodorant
Shampoo,Ipad
Sneakers,Pants,Fan,Bracelet
Fan,Doll,Calculator,Toilet Paper,Towel
Vase,Usb Cable
Keyboard,Screen,C-Hub,Perfume
Wallet,Tooth Brush,Usb Cable,Perfume,Chair
Keyboard
Shampoo,HeadPhones,Matress,Underwear
Fan
Perfume,Underwear,Razor,Pens
Electric Scooter,HDMI Cable,Watch,Underwear
Knife,Chair,Calculator
Wallet,Tooth Brush
Watch,Statue,HDMI Cable
Charger,Screen
Knife,Tooth Brush
Mouse,Remote Control
Matress
Cup
Bag,Speaker,Shampoo,Pants,Mouse
Vase
Knife
Keyboard,Mouse
Sunglasses,Statue,Sneakers,Calculator
Charger,Doll,Vase,Bracelet
Matress,Speaker,Towel,Flag,T-Shirt
Jar,Electric Scooter
Charger,Cup,Laptop,Flag
Bracelet,Sunglasses,Tooth Brush,Fan
Mouse
Screen,Perfume,EarBuds,C-Hub,Razor
Mouse
Statue,Sunglasses,T-Shirt
Electric Scooter,Bag
Mouse,Surff Board,Table,Fan,Notebook
Underwear,Notebook,Bracelet,Shampoo
Ball,Covid Masks,Printer
Cup,Knife
Towel,Razor
Bucket,Speaker
Perfume,Chair
Statue,Sneakers,Toilet Paper
T-Shirt,Bucket
Vase,Bag,Pants,Electric Scooter
Table,Pens,Tooth Brush,Watch
Chair
Ipad
Calculator,Charger,Bracelet,Ball
Shampoo,Electric Scooter,Watch
Surff Board,Sneakers,Matress
Deodorant,Charger,Keyboard,Calculator
Perfume,Statue,HDMI Cable
Ipad
Vase,Screen,Statue,Mouse
Laptop,Table,Vase,Flag
Wallet,Bracelet,Mouse,Vase,Pants
Sneakers,Table,Sunglasses
HDMI Cable,Flag,Toilet Paper,Charger,Keyboard
Covid Masks,Charger,Printer,Fan,Bag
Ball
Bottle,Electric Scooter,Ball
Surff Board,Usb Cable,C-Hub
Bag,Surff Board,Flag
Letherman
Remote Control,Perfume
Pants,Knife
Bag,Bucket,Laptop,Chair
Pens
Fan,Flag
Pants,HeadPhones,Notebook
Ipad,Knife
Bracelet,Cup,Statue,Deodorant,Tooth Brush
Towel
Matress,Bucket
Electric Drill,Matress,Toilet Paper
EarBuds,Toilet Paper
Bracelet,Cup,Surff Board,Table,Bucket
Bucket,Screen,Keyboard
Cup,Sunglasses,Bag
Speaker,Wallet,Covid Masks,Sunglasses
Notebook,Bucket,Pens
Laptop,C-Hub,Sneakers
Electric Drill
Bottle,Notebook,Jar
Notebook,Surff Board,Razor
Tooth Brush,Pens,C-Hub,Underwear,Speaker
Jar,Tooth Brush,Sneakers,Bottle,Mouse
Printer,Doll,Bracelet,Jar
Doll
Toilet Paper,Speaker,Surff Board,HDMI Cable,T-Shirt
Bottle,HDMI Cable
Calculator,Shampoo,Electric Drill,Jar,Pens
Bag,Wallet
Deodorant,Towel
Chair
Toilet Paper,Letherman
Bucket
Bracelet,Electric Scooter
Mouse,Perfume,Usb Cable,Fan,EarBuds
Sneakers
Charger
Jar,Usb Cable,Matress,Shampoo,Table
Speaker,HDMI Cable,Ipad
Deodorant,Bottle
Shampoo,EarBuds,Perfume
EarBuds
Electric Scooter,Bottle,C-Hub
Razor,Knife,Toilet Paper,Bag,Electric Scooter
Bucket,Vase
Electric Drill
Electric Scooter,Pens,Screen,Printer,Electric Drill
Razor
Screen,Underwear,Toilet Paper,Surff Board,Flag
Perfume
Jar,Watch
Bottle,Notebook,Screen,Vase
HeadPhones,Electric Drill,Toilet Paper,Surff Board,Underwear
Sneakers,Bucket,Usb Cable
Calculator
Surff Board,Calculator
Notebook,EarBuds,Chair,Bracelet,Watch
Tooth Brush,Table,Notebook,Keyboard
Tooth Brush,C-Hub,Vase,Electric Scooter,Calculator
T-Shirt
Bag,HDMI Cable
Underwear,Ball,Calculator
Table
Knife
Pants,Electric Scooter,Screen,Surff Board
Toilet Paper,Screen,Shampoo
Underwear,Perfume
Notebook,Doll,Charger
Knife,Sneakers
HeadPhones,C-Hub
Bag,Ball,Cup,Watch
Toilet Paper,Screen,Surff Board,Electric Scooter,Watch
Bracelet
Notebook,Laptop
Bracelet,Electric Scooter,Flag
Shampoo,T-Shirt,Bottle,Bucket,Surff Board
Pants
Bucket,Surff Board,Electric Drill
Usb Cable,HDMI Cable
Chair,Doll,Ball
Letherman,EarBuds
Fan,Wallet
Bracelet,HeadPhones,Tooth Brush,Bag,Towel
Surff Board,Printer,Bucket,Calculator
Bucket,Bottle,Keyboard,Electric Scooter,Laptop
Electric Drill,Underwear
Bucket,Underwear
Shampoo
Ipad,Shampoo,Jar,Statue
HeadPhones,C-Hub,Pens,Toilet Paper,Mouse
Towel,Vase,Surff Board,Remote Control
Usb Cable,Towel,Calculator
Charger,Calculator,Speaker
Ipad,Calculator,HDMI Cable,Underwear,Mouse
Laptop,Vase,T-Shirt,Matress,Statue
Doll
Bag,Bottle
Mouse,Underwear,Sneakers
Watch,Electric Drill,Tooth Brush,Deodorant,Bag
Electric Drill,HDMI Cable,Underwear
Tooth Brush,Knife,Cup,Vase,Chair
Fan,Vase,Bag,Calculator
Underwear,Matress,Bottle,Covid Masks,Cup
HeadPhones,Speaker,Cup,Surff Board,Fan
Razor,Laptop,HeadPhones
Notebook,Table
Letherman,Sneakers
Surff Board
Mouse,HDMI Cable
Remote Control,Razor,Jar
Doll,Keyboard,Razor,C-Hub,Remote Control
Towel,Cup,Perfume
Underwear,Bracelet,HeadPhones,Electric Scooter
Wallet,Keyboard,T-Shirt,Sneakers,Chair
Usb Cable
Covid Masks
C-Hub,Electric Drill
Statue,Ball,Towel,Letherman
Vase
Remote Control,Table,Razor,Towel,Speaker
Printer,Ipad,Doll
Doll,Cup,Pens,T-Shirt,Toilet Paper
Underwear,Bracelet,Remote Control,Usb Cable,Sneakers
Surff Board,Keyboard,Table,Ipad,Printer
Sunglasses,Underwear,Table
Screen
Letherman,Charger,Deodorant,Ipad,Laptop
C-Hub,Perfume
Electric Scooter
Chair
Pants,Flag,HDMI Cable,Ipad,Printer
Mouse,Wallet,Ball,Sneakers
Toilet Paper
Surff Board,Keyboard,Toilet Paper
Letherman
Deodorant
Electric Scooter,Statue,Underwear,Towel,Chair
Bucket
Letherman,Deodorant
Chair,Ipad,Knife
Electric Drill,Remote Control
Electric Drill
Laptop,Shampoo
Perfume,Speaker,Matress
Bucket,Pens,Surff Board,Jar
Laptop,Bucket
Perfume,Laptop,Charger
Ball,Towel,Flag,Statue
Notebook
Statue,Laptop,Vase
Statue,Cup,Usb Cable,Towel,Flag
Chair,Statue,Perfume,Calculator
Charger,Matress,Mouse
Tooth Brush
Sneakers,Razor,Towel,Printer
Jar,Toilet Paper,Surff Board,Cup,EarBuds
HeadPhones,Calculator
Wallet,Ball,Keyboard,Speaker,Calculator
Notebook,Deodorant,Calculator
HDMI Cable
Pants,Calculator,Flag
HeadPhones,Vase,Matress,Electric Scooter,Statue
Ball,Laptop
Sunglasses,Perfume,Doll,T-Shirt,Letherman
Mouse
Razor,Mouse,Chair
Sunglasses,Cup
Shampoo,Bag,Mouse,Ipad
Bag,Jar,Notebook,Bottle,Letherman
HeadPhones,Doll,Chair,EarBuds,Screen
Sunglasses,Ipad
Bag,Chair,Charger,Statue
Shampoo,Covid Masks,Deodorant,Perfume
Toilet Paper,Laptop,Bag,Surff Board,Electric Drill
Letherman,EarBuds,Toilet Paper,Shampoo,Doll
Statue,Flag,Chair
Sunglasses,Calculator,EarBuds,Keyboard
Vase,HeadPhones
T-Shirt,Printer
Electric Drill,Bracelet,Razor,Table
Underwear,Flag
Matress
Wallet,Matress
Statue,Toilet Paper
Sneakers,Bottle,Statue,HeadPhones
Printer,Usb Cable,Jar
Charger,Cup
Speaker,Pens
Watch,Sunglasses,Tooth Brush,Fan,Bottle
HDMI Cable,Laptop,Calculator,Remote Control,Bucket
T-Shirt,Bucket,Watch,Tooth Brush
Charger,T-Shirt,Tooth Brush
Perfume,Vase,EarBuds,Ipad,Electric Scooter
Bottle,C-Hub,Bag
Vase
Electric Scooter,HeadPhones
Matress,Laptop,Letherman
Sneakers,Surff Board
Underwear,Bag,Bracelet
Vase,Surff Board,Underwear
Printer,Surff Board
C-Hub,Matress,Mouse,Pens
Calculator
Cup,Razor,Watch
C-Hub,Screen,Perfume
Jar,Fan,Electric Scooter,Covid Masks,Pants
Surff Board,Electric Drill
Surff Board,Flag,Electric Drill
Matress,Shampoo,Surff Board,Doll,Flag
Mouse,EarBuds
Watch,Cup
Toilet Paper,Keyboard
Towel,Electric Drill
Letherman,Statue,Cup,Mouse,Perfume
Letherman
C-Hub
Usb Cable,EarBuds
Tooth Brush,C-Hub,Sunglasses
Sneakers,Ipad
Razor,Bottle,Notebook
Knife,Tooth Brush,Notebook,Remote Control
Bucket,Knife,T-Shirt,Underwear
Bucket,Toilet Paper,Knife,Ball,Wallet
Sunglasses,HDMI Cable
Flag
Letherman,Tooth Brush,Remote Control,Charger
Covid Masks
Ipad
Keyboard,Charger
Knife,Pens,Statue,Shampoo,HeadPhones
Notebook
Notebook,Sunglasses,Printer,Pants,Calculator
Pens,Bracelet,Pants,Toilet Paper,Mouse
Remote Control,Sunglasses,Screen,Surff Board
Flag,Bottle,Surff Board
Watch
Bracelet,Watch
Watch,Cup,Chair
Bucket,Usb Cable,Bag,Electric Drill,Underwear
Pens,Mouse,Covid Masks,Flag
Covid Masks,Towel
Mouse,Toilet Paper,Speaker,Matress
Cup,Mouse,Fan,Pants
HDMI Cable,Calculator
Ball,Shampoo,Speaker,Flag
Deodorant,Statue,Table
Jar
Ball,Bracelet,Screen
Bracelet
Watch,Surff Board
HDMI Cable
Pants,Watch
Statue,T-Shirt,Electric Drill,Ball,Letherman
Flag,Cup,HeadPhones
Ipad,Bucket,Chair,Pens
T-Shirt,Surff Board,Table,Ball
Electric Drill,Table,Ipad,Cup,Vase
Knife,Screen,Charger,Sneakers
Knife,HeadPhones,Bottle,Flag,Remote Control
Matress,Razor,Ball
Bottle,Vase,T-Shirt,Shampoo
Surff Board,Bottle,Knife
Charger,Razor
Charger,Towel,Notebook,Wallet
Shampoo,EarBuds,Covid Masks,Bag,Wallet
Shampoo
Towel,Speaker,Charger,Bracelet
HDMI Cable
Wallet,Cup,Perfume
Ipad,Pants
Letherman
Statue,T-Shirt,Screen,C-Hub
Mouse,Chair,Pants,Covid Masks
Pens,Cup
T-Shirt
Printer
Bracelet
Remote Control,Statue
Table,Statue,Screen,Surff Board
Pants,Speaker,Vase
Ball,Underwear,Jar,Usb Cable
Remote Control,Pens
Perfume,Screen,Matress,HDMI Cable
Notebook
Remote Control,Keyboard,Statue,T-Shirt
Remote Control
Letherman,Wallet,Shampoo,Watch
Remote Control,Flag,Bracelet,Doll,Perfume
Remote Control,Shampoo
Toilet Paper,Bag
Watch
Keyboard,Cup,Matress,Letherman
Underwear
Shampoo,Charger,Vase
Electric Scooter,Underwear
Sneakers,Shampoo,Jar
Toilet Paper,Electric Drill,Printer,Charger,Knife
Remote Control,Printer
Mouse,Printer,C-Hub,Bucket
Fan,Statue,Tooth Brush,Toilet Paper
HDMI Cable,Surff Board
Deodorant,Pants,Wallet,Laptop,Letherman
Tooth Brush,Towel,HDMI Cable,EarBuds
EarBuds
Chair,Table,HDMI Cable,Deodorant,Shampoo
Laptop,Watch,Electric Scooter,Surff Board
Matress,Notebook,C-Hub
Deodorant,Keyboard,Tooth Brush,Chair
Perfume
Knife
Cup,Electric Drill,Towel,Underwear
Towel,Charger,Electric Drill,Bracelet,Vase
Watch,Ball,Razor,Speaker
Shampoo
Tooth Brush,Knife,Ipad,Fan
Pants,Notebook,Screen
T-Shirt,C-Hub,Statue,Chair
HeadPhones,Statue,Shampoo,HDMI Cable,Screen
T-Shirt
Calculator,Matress,C-Hub,Fan,Statue
Wallet
Wallet,Toilet Paper,Printer
Flag,Speaker
Cup
Speaker,Sneakers,Sunglasses,Doll
Mouse,Electric Drill,Watch,T-Shirt
Tooth Brush,Surff Board,Cup,Mouse,Bracelet
Underwear,Knife,Vase,Matress,Flag
Statue,HeadPhones
Sneakers
Speaker,Calculator,Table
Towel,Sunglasses,Deodorant,HeadPhones
Perfume,Sneakers,Bag
HDMI Cable,Toilet Paper,Vase,Bottle,Cup
Doll
Tooth Brush
Ipad,Bracelet
Statue
Tooth Brush,HeadPhones,C-Hub,Speaker
Notebook,Flag
Tooth Brush,Statue,EarBuds,C-Hub,Pants
Cup
Covid Masks
Bag,Table,Sneakers,Calculator,Pants
Mouse,Matress
Doll,Statue,Perfume,Surff Board
Bucket,Tooth Brush,Bag,Remote Control,Vase
Wallet,Deodorant,Screen,Statue
Electric Scooter,Sneakers,Bucket
Charger,Laptop,Pants
Remote Control,Pants,C-Hub,Bottle
Electric Scooter,Calculator
Remote Control,EarBuds,Toilet Paper,Speaker
Notebook,Deodorant,Jar,Underwear
Statue
HeadPhones,Flag,Wallet,T-Shirt
Deodorant,Ipad
Sunglasses,Charger,Underwear,Letherman,Laptop
Charger,Razor,Pens
Chair
Screen,Chair,Remote Control
Shampoo
Bucket,Ball,Toilet Paper,Pens
EarBuds
Pens
Charger,Speaker,Covid Masks,Knife
Deodorant,Bottle
Charger,Bottle,Watch,Electric Scooter
Flag,Electric Scooter,Charger
HDMI Cable,Keyboard,Doll,Wallet,Bracelet
Shampoo
Printer,Vase,Pants,Perfume,Screen
Laptop
Speaker
C-Hub,Bracelet
Jar
Jar,Shampoo,Ipad,Knife
Wallet,Doll,Toilet Paper
Underwear,Watch
Speaker
Razor
Ipad,T-Shirt,Fan,Letherman,Covid Masks
Letherman
Deodorant,Statue
Towel
Jar,Notebook,Matress
T-Shirt,Razor,Electric Drill,Ball,Underwear
Razor
Knife,Covid Masks,Keyboard,Table
Toilet Paper
Sunglasses
Cup,HeadPhones,Remote Control,Notebook
Ball,Chair,Electric Scooter,Underwear
C-Hub
Remote Control,T-Shirt,C-Hub,Table,Chair
Shampoo,EarBuds,Underwear